{
	"class_name" : "PinholeCameraParameters",
	"extrinsic" : 
	[
		0.37954978009813156,
		0.10124264234423697,
		-0.91961507806180354,
		0.0,
		-0.92389549552886385,
		-0.010706137009709163,
		-0.38249508751329692,
		0.0,
		-0.048570338365460389,
		0.99480415459601212,
		0.089474109269544744,
		0.0,
		35.926459217622984,
		-92.56695088022407,
		212.82751816101657,
		1.0
	],
	"intrinsic" : 
	{
		"height" : 800,
		"intrinsic_matrix" : 
		[
			692.82032302755101,
			0.0,
			0.0,
			0.0,
			692.82032302755101,
			0.0,
			399.5,
			399.5,
			1.0
		],
		"width" : 800
	},
	"version_major" : 1,
	"version_minor" : 0
}