{
	"class_name" : "PinholeCameraParameters",
	"extrinsic" : 
	[
		0.99979859813575445,
		0.00063219345972297992,
		0.02005900040404816,
		0.0,
		0.013937814932280294,
		0.697266424900855,
		-0.71667654490773869,
		0.0,
		-0.014439545723242998,
		0.71681178355089148,
		0.69711718274756107,
		0.0,
		-50.994461123794402,
		-108.76734470213511,
		145.28461919210662,
		1.0
	],
	"intrinsic" : 
	{
		"height" : 800,
		"intrinsic_matrix" : 
		[
			692.82032302755101,
			0.0,
			0.0,
			0.0,
			692.82032302755101,
			0.0,
			399.5,
			399.5,
			1.0
		],
		"width" : 800
	},
	"version_major" : 1,
	"version_minor" : 0
}