{
	"class_name" : "PinholeCameraParameters",
	"extrinsic" : 
	[
		0.60307398651768362,
		-0.11967308627116373,
		0.78865716202162495,
		0.0,
		0.79761376082841218,
		0.10370513143553417,
		-0.59418644738086657,
		0.0,
		-0.010679668666461249,
		0.98738219456108967,
		0.15799476744785385,
		0.0,
		-78.732004526315009,
		-91.340782135606005,
		131.33426641114428,
		1.0
	],
	"intrinsic" : 
	{
		"height" : 800,
		"intrinsic_matrix" : 
		[
			692.82032302755101,
			0.0,
			0.0,
			0.0,
			692.82032302755101,
			0.0,
			399.5,
			399.5,
			1.0
		],
		"width" : 800
	},
	"version_major" : 1,
	"version_minor" : 0
}